{
  "ABIRoot": {
    "kind": "Root",
    "name": "TopLevel",
    "printedName": "TopLevel",
    "children": [
      {
        "kind": "Import",
        "name": "Flutter",
        "printedName": "Flutter",
        "declKind": "Import",
        "moduleName": "pdf_render"
      },
      {
        "kind": "Import",
        "name": "UIKit",
        "printedName": "UIKit",
        "declKind": "Import",
        "moduleName": "pdf_render"
      },
      {
        "kind": "Import",
        "name": "CoreGraphics",
        "printedName": "CoreGraphics",
        "declKind": "Import",
        "moduleName": "pdf_render"
      },
      {
        "kind": "TypeDecl",
        "name": "SwiftPdfRenderPlugin",
        "printedName": "SwiftPdfRenderPlugin",
        "children": [
          {
            "kind": "Function",
            "name": "register",
            "printedName": "register(with:)",
            "children": [
              {
                "kind": "TypeNominal",
                "name": "Void",
                "printedName": "()"
              },
              {
                "kind": "TypeNominal",
                "name": "FlutterPluginRegistrar",
                "printedName": "Flutter.FlutterPluginRegistrar",
                "usr": "c:objc(pl)FlutterPluginRegistrar"
              }
            ],
            "declKind": "Func",
            "usr": "c:@M@pdf_render@objc(cs)SwiftPdfRenderPlugin(cm)registerWithRegistrar:",
            "mangledName": "$s10pdf_render20SwiftPdfRenderPluginC8register4withySo07FlutterF9Registrar_p_tFZ",
            "moduleName": "pdf_render",
            "static": true,
            "objc_name": "registerWithRegistrar:",
            "declAttributes": [
              "Final",
              "ObjC",
              "AccessControl"
            ],
            "funcSelfKind": "NonMutating"
          },
          {
            "kind": "Function",
            "name": "handle",
            "printedName": "handle(_:result:)",
            "children": [
              {
                "kind": "TypeNominal",
                "name": "Void",
                "printedName": "()"
              },
              {
                "kind": "TypeNominal",
                "name": "FlutterMethodCall",
                "printedName": "Flutter.FlutterMethodCall",
                "usr": "c:objc(cs)FlutterMethodCall"
              },
              {
                "kind": "TypeFunc",
                "name": "Function",
                "printedName": "(Any?) -> ()",
                "children": [
                  {
                    "kind": "TypeNominal",
                    "name": "Void",
                    "printedName": "()"
                  },
                  {
                    "kind": "TypeNominal",
                    "name": "Optional",
                    "printedName": "Any?",
                    "children": [
                      {
                        "kind": "TypeNominal",
                        "name": "ProtocolComposition",
                        "printedName": "Any"
                      }
                    ],
                    "usr": "s:Sq"
                  }
                ]
              }
            ],
            "declKind": "Func",
            "usr": "c:@M@pdf_render@objc(cs)SwiftPdfRenderPlugin(im)handleMethodCall:result:",
            "mangledName": "$s10pdf_render20SwiftPdfRenderPluginC6handle_6resultySo17FlutterMethodCallC_yypSgctF",
            "moduleName": "pdf_render",
            "objc_name": "handleMethodCall:result:",
            "declAttributes": [
              "ObjC",
              "AccessControl"
            ],
            "funcSelfKind": "NonMutating"
          },
          {
            "kind": "Constructor",
            "name": "init",
            "printedName": "init()",
            "children": [
              {
                "kind": "TypeNominal",
                "name": "SwiftPdfRenderPlugin",
                "printedName": "pdf_render.SwiftPdfRenderPlugin",
                "usr": "c:@M@pdf_render@objc(cs)SwiftPdfRenderPlugin"
              }
            ],
            "declKind": "Constructor",
            "usr": "c:@M@pdf_render@objc(cs)SwiftPdfRenderPlugin(im)init",
            "mangledName": "$s10pdf_render20SwiftPdfRenderPluginCACycfc",
            "moduleName": "pdf_render",
            "overriding": true,
            "implicit": true,
            "objc_name": "init",
            "declAttributes": [
              "Dynamic",
              "ObjC",
              "Override"
            ],
            "init_kind": "Designated"
          }
        ],
        "declKind": "Class",
        "usr": "c:@M@pdf_render@objc(cs)SwiftPdfRenderPlugin",
        "mangledName": "$s10pdf_render20SwiftPdfRenderPluginC",
        "moduleName": "pdf_render",
        "declAttributes": [
          "AccessControl",
          "ObjC"
        ],
        "superclassUsr": "c:objc(cs)NSObject",
        "hasMissingDesignatedInitializers": true,
        "superclassNames": [
          "ObjectiveC.NSObject"
        ],
        "conformances": [
          {
            "kind": "Conformance",
            "name": "Equatable",
            "printedName": "Equatable",
            "usr": "s:SQ",
            "mangledName": "$sSQ"
          },
          {
            "kind": "Conformance",
            "name": "Hashable",
            "printedName": "Hashable",
            "usr": "s:SH",
            "mangledName": "$sSH"
          },
          {
            "kind": "Conformance",
            "name": "CVarArg",
            "printedName": "CVarArg",
            "usr": "s:s7CVarArgP",
            "mangledName": "$ss7CVarArgP"
          },
          {
            "kind": "Conformance",
            "name": "_KeyValueCodingAndObservingPublishing",
            "printedName": "_KeyValueCodingAndObservingPublishing",
            "usr": "s:10Foundation37_KeyValueCodingAndObservingPublishingP",
            "mangledName": "$s10Foundation37_KeyValueCodingAndObservingPublishingP"
          },
          {
            "kind": "Conformance",
            "name": "_KeyValueCodingAndObserving",
            "printedName": "_KeyValueCodingAndObserving",
            "usr": "s:10Foundation27_KeyValueCodingAndObservingP",
            "mangledName": "$s10Foundation27_KeyValueCodingAndObservingP"
          },
          {
            "kind": "Conformance",
            "name": "CustomStringConvertible",
            "printedName": "CustomStringConvertible",
            "usr": "s:s23CustomStringConvertibleP",
            "mangledName": "$ss23CustomStringConvertibleP"
          },
          {
            "kind": "Conformance",
            "name": "CustomDebugStringConvertible",
            "printedName": "CustomDebugStringConvertible",
            "usr": "s:s28CustomDebugStringConvertibleP",
            "mangledName": "$ss28CustomDebugStringConvertibleP"
          }
        ]
      }
    ],
    "json_format_version": 8
  },
  "ConstValues": [
    {
      "filePath": "\/Users\/jerry\/Desktop\/天翼\/flutter-nas\/cloud_nas_plugin\/pub\/pdf_render-1.0.18\/ios\/Classes\/SwiftPdfRenderPlugin.swift",
      "kind": "IntegerLiteral",
      "offset": 1007,
      "length": 2,
      "value": "1"
    },
    {
      "filePath": "\/Users\/jerry\/Desktop\/天翼\/flutter-nas\/cloud_nas_plugin\/pub\/pdf_render-1.0.18\/ios\/Classes\/SwiftPdfRenderPlugin.swift",
      "kind": "StringLiteral",
      "offset": 1050,
      "length": 12,
      "value": "\"pdf_render\""
    },
    {
      "filePath": "\/Users\/jerry\/Desktop\/天翼\/flutter-nas\/cloud_nas_plugin\/pub\/pdf_render-1.0.18\/ios\/Classes\/SwiftPdfRenderPlugin.swift",
      "kind": "IntegerLiteral",
      "offset": 1125,
      "length": 1,
      "value": "0"
    },
    {
      "filePath": "\/Users\/jerry\/Desktop\/天翼\/flutter-nas\/cloud_nas_plugin\/pub\/pdf_render-1.0.18\/ios\/Classes\/SwiftPdfRenderPlugin.swift",
      "kind": "Dictionary",
      "offset": 1154,
      "length": 3,
      "value": "[]"
    },
    {
      "filePath": "\/Users\/jerry\/Desktop\/天翼\/flutter-nas\/cloud_nas_plugin\/pub\/pdf_render-1.0.18\/ios\/Classes\/SwiftPdfRenderPlugin.swift",
      "kind": "Dictionary",
      "offset": 1200,
      "length": 3,
      "value": "[]"
    },
    {
      "filePath": "\/Users\/jerry\/Desktop\/天翼\/flutter-nas\/cloud_nas_plugin\/pub\/pdf_render-1.0.18\/ios\/Classes\/SwiftPdfRenderPlugin.swift",
      "kind": "StringLiteral",
      "offset": 920,
      "length": 20,
      "value": "\"pdf_render.SwiftPdfRenderPlugin\""
    },
    {
      "filePath": "\/Users\/jerry\/Desktop\/天翼\/flutter-nas\/cloud_nas_plugin\/pub\/pdf_render-1.0.18\/ios\/Classes\/SwiftPdfRenderPlugin.swift",
      "kind": "IntegerLiteral",
      "offset": 15353,
      "length": 1,
      "value": "0"
    },
    {
      "filePath": "\/Users\/jerry\/Desktop\/天翼\/flutter-nas\/cloud_nas_plugin\/pub\/pdf_render-1.0.18\/ios\/Classes\/SwiftPdfRenderPlugin.swift",
      "kind": "IntegerLiteral",
      "offset": 15377,
      "length": 1,
      "value": "0"
    },
    {
      "filePath": "\/Users\/jerry\/Desktop\/天翼\/flutter-nas\/cloud_nas_plugin\/pub\/pdf_render-1.0.18\/ios\/Classes\/SwiftPdfRenderPlugin.swift",
      "kind": "IntegerLiteral",
      "offset": 15402,
      "length": 1,
      "value": "0"
    },
    {
      "filePath": "\/Users\/jerry\/Desktop\/天翼\/flutter-nas\/cloud_nas_plugin\/pub\/pdf_render-1.0.18\/ios\/Classes\/SwiftPdfRenderPlugin.swift",
      "kind": "BooleanLiteral",
      "offset": 15834,
      "length": 5,
      "value": "false"
    },
    {
      "filePath": "\/Users\/jerry\/Desktop\/天翼\/flutter-nas\/cloud_nas_plugin\/pub\/pdf_render-1.0.18\/ios\/Classes\/SwiftPdfRenderPlugin.swift",
      "kind": "BooleanLiteral",
      "offset": 15867,
      "length": 4,
      "value": "true"
    },
    {
      "filePath": "\/Users\/jerry\/Desktop\/天翼\/flutter-nas\/cloud_nas_plugin\/pub\/pdf_render-1.0.18\/ios\/Classes\/SwiftPdfRenderPlugin.swift",
      "kind": "StringLiteral",
      "offset": 15228,
      "length": 14,
      "value": "\"pdf_render.PdfPageTexture\""
    }
  ]
}