{"packages/cloud_nas/assets/images/account/ic_avatar_default.png":["packages/cloud_nas/assets/images/account/ic_avatar_default.png"],"packages/cloud_nas/assets/images/agree_privacy_normal.png":["packages/cloud_nas/assets/images/agree_privacy_normal.png"],"packages/cloud_nas/assets/images/albums/ic_category_animal.png":["packages/cloud_nas/assets/images/albums/ic_category_animal.png"],"packages/cloud_nas/assets/images/albums/ic_category_cartoon.png":["packages/cloud_nas/assets/images/albums/ic_category_cartoon.png"],"packages/cloud_nas/assets/images/albums/ic_category_foods.png":["packages/cloud_nas/assets/images/albums/ic_category_foods.png"],"packages/cloud_nas/assets/images/albums/ic_category_goods.png":["packages/cloud_nas/assets/images/albums/ic_category_goods.png"],"packages/cloud_nas/assets/images/albums/ic_category_mask.png":["packages/cloud_nas/assets/images/albums/ic_category_mask.png"],"packages/cloud_nas/assets/images/albums/ic_category_others.png":["packages/cloud_nas/assets/images/albums/ic_category_others.png"],"packages/cloud_nas/assets/images/albums/ic_category_people.png":["packages/cloud_nas/assets/images/albums/ic_category_people.png"],"packages/cloud_nas/assets/images/albums/ic_category_place.png":["packages/cloud_nas/assets/images/albums/ic_category_place.png"],"packages/cloud_nas/assets/images/albums/ic_category_plaint.png":["packages/cloud_nas/assets/images/albums/ic_category_plaint.png"],"packages/cloud_nas/assets/images/albums/ic_category_scene.png":["packages/cloud_nas/assets/images/albums/ic_category_scene.png"],"packages/cloud_nas/assets/images/albums/ic_category_traffic.png":["packages/cloud_nas/assets/images/albums/ic_category_traffic.png"],"packages/cloud_nas/assets/images/audio/ic_audio_disc.png":["packages/cloud_nas/assets/images/audio/ic_audio_disc.png"],"packages/cloud_nas/assets/images/audio/ic_audio_next_normal.png":["packages/cloud_nas/assets/images/audio/ic_audio_next_normal.png"],"packages/cloud_nas/assets/images/audio/ic_audio_next_press.png":["packages/cloud_nas/assets/images/audio/ic_audio_next_press.png"],"packages/cloud_nas/assets/images/audio/ic_audio_pause_normal.png":["packages/cloud_nas/assets/images/audio/ic_audio_pause_normal.png"],"packages/cloud_nas/assets/images/audio/ic_audio_pause_press.png":["packages/cloud_nas/assets/images/audio/ic_audio_pause_press.png"],"packages/cloud_nas/assets/images/audio/ic_audio_play_normal.png":["packages/cloud_nas/assets/images/audio/ic_audio_play_normal.png"],"packages/cloud_nas/assets/images/audio/ic_audio_play_press.png":["packages/cloud_nas/assets/images/audio/ic_audio_play_press.png"],"packages/cloud_nas/assets/images/audio/ic_audio_prev_normal.png":["packages/cloud_nas/assets/images/audio/ic_audio_prev_normal.png"],"packages/cloud_nas/assets/images/audio/ic_audio_prev_press.png":["packages/cloud_nas/assets/images/audio/ic_audio_prev_press.png"],"packages/cloud_nas/assets/images/download/download_checked.png":["packages/cloud_nas/assets/images/download/2.0x/download_checked.png","packages/cloud_nas/assets/images/download/3.0x/download_checked.png"],"packages/cloud_nas/assets/images/download/download_start.png":["packages/cloud_nas/assets/images/download/2.0x/download_start.png","packages/cloud_nas/assets/images/download/3.0x/download_start.png"],"packages/cloud_nas/assets/images/download/download_stop.png":["packages/cloud_nas/assets/images/download/2.0x/download_stop.png","packages/cloud_nas/assets/images/download/3.0x/download_stop.png"],"packages/cloud_nas/assets/images/download/download_unchecked.png":["packages/cloud_nas/assets/images/download/2.0x/download_unchecked.png","packages/cloud_nas/assets/images/download/3.0x/download_unchecked.png"],"packages/cloud_nas/assets/images/download/icon_bottom_share.png":["packages/cloud_nas/assets/images/download/2.0x/icon_bottom_share.png","packages/cloud_nas/assets/images/download/3.0x/icon_bottom_share.png"],"packages/cloud_nas/assets/images/download/icon_select_mode.png":["packages/cloud_nas/assets/images/download/2.0x/icon_select_mode.png","packages/cloud_nas/assets/images/download/3.0x/icon_select_mode.png"],"packages/cloud_nas/assets/images/download/icon_share.png":["packages/cloud_nas/assets/images/download/2.0x/icon_share.png","packages/cloud_nas/assets/images/download/3.0x/icon_share.png"],"packages/cloud_nas/assets/images/download/upload_start.png":["packages/cloud_nas/assets/images/download/2.0x/upload_start.png","packages/cloud_nas/assets/images/download/3.0x/upload_start.png"],"packages/cloud_nas/assets/images/file/cloud_nas_flutter_assets_images_file_ic_photo_error.png":["packages/cloud_nas/assets/images/file/cloud_nas_flutter_assets_images_file_ic_photo_error.png"],"packages/cloud_nas/assets/images/file/ic_ai_shade_example_after.png":["packages/cloud_nas/assets/images/file/ic_ai_shade_example_after.png"],"packages/cloud_nas/assets/images/file/ic_ai_shade_example_before.png":["packages/cloud_nas/assets/images/file/ic_ai_shade_example_before.png"],"packages/cloud_nas/assets/images/file/ic_arrow_black_left.png":["packages/cloud_nas/assets/images/file/ic_arrow_black_left.png"],"packages/cloud_nas/assets/images/file/ic_arrow_up_blue.png":["packages/cloud_nas/assets/images/file/ic_arrow_up_blue.png"],"packages/cloud_nas/assets/images/file/ic_auto_backup_guide_arrow.png":["packages/cloud_nas/assets/images/file/ic_auto_backup_guide_arrow.png"],"packages/cloud_nas/assets/images/file/ic_bottom_add.png":["packages/cloud_nas/assets/images/file/ic_bottom_add.png"],"packages/cloud_nas/assets/images/file/ic_bottom_delete.png":["packages/cloud_nas/assets/images/file/ic_bottom_delete.png"],"packages/cloud_nas/assets/images/file/ic_bottom_download.png":["packages/cloud_nas/assets/images/file/ic_bottom_download.png"],"packages/cloud_nas/assets/images/file/ic_bottom_move.png":["packages/cloud_nas/assets/images/file/ic_bottom_move.png"],"packages/cloud_nas/assets/images/file/ic_bottom_rename.png":["packages/cloud_nas/assets/images/file/ic_bottom_rename.png"],"packages/cloud_nas/assets/images/file/ic_bottom_transfer.png":["packages/cloud_nas/assets/images/file/ic_bottom_transfer.png"],"packages/cloud_nas/assets/images/file/ic_close.png":["packages/cloud_nas/assets/images/file/ic_close.png"],"packages/cloud_nas/assets/images/file/ic_close_rectangle.png":["packages/cloud_nas/assets/images/file/ic_close_rectangle.png"],"packages/cloud_nas/assets/images/file/ic_create_folder.png":["packages/cloud_nas/assets/images/file/ic_create_folder.png"],"packages/cloud_nas/assets/images/file/ic_custom_loading.gif":["packages/cloud_nas/assets/images/file/ic_custom_loading.gif"],"packages/cloud_nas/assets/images/file/ic_custom_loading.png":["packages/cloud_nas/assets/images/file/ic_custom_loading.png"],"packages/cloud_nas/assets/images/file/ic_file_clone.png":["packages/cloud_nas/assets/images/file/ic_file_clone.png"],"packages/cloud_nas/assets/images/file/ic_file_floating_add.png":["packages/cloud_nas/assets/images/file/ic_file_floating_add.png"],"packages/cloud_nas/assets/images/file/ic_file_movement_failure.png":["packages/cloud_nas/assets/images/file/ic_file_movement_failure.png"],"packages/cloud_nas/assets/images/file/ic_file_movement_partial_success.png":["packages/cloud_nas/assets/images/file/ic_file_movement_partial_success.png"],"packages/cloud_nas/assets/images/file/ic_file_movement_success.png":["packages/cloud_nas/assets/images/file/ic_file_movement_success.png"],"packages/cloud_nas/assets/images/file/ic_file_select.png":["packages/cloud_nas/assets/images/file/ic_file_select.png"],"packages/cloud_nas/assets/images/file/ic_file_transport.png":["packages/cloud_nas/assets/images/file/ic_file_transport.png"],"packages/cloud_nas/assets/images/file/ic_file_unselect.png":["packages/cloud_nas/assets/images/file/ic_file_unselect.png"],"packages/cloud_nas/assets/images/file/ic_floating_btn_shadow.png":["packages/cloud_nas/assets/images/file/ic_floating_btn_shadow.png"],"packages/cloud_nas/assets/images/file/ic_folder_star.png":["packages/cloud_nas/assets/images/file/ic_folder_star.png"],"packages/cloud_nas/assets/images/file/ic_house_keep.png":["packages/cloud_nas/assets/images/file/ic_house_keep.png"],"packages/cloud_nas/assets/images/file/ic_image_placeholder.png":["packages/cloud_nas/assets/images/file/ic_image_placeholder.png"],"packages/cloud_nas/assets/images/file/ic_input_clear.png":["packages/cloud_nas/assets/images/file/ic_input_clear.png"],"packages/cloud_nas/assets/images/file/ic_menu_cloud_print.png":["packages/cloud_nas/assets/images/file/ic_menu_cloud_print.png"],"packages/cloud_nas/assets/images/file/ic_menu_disk_transfer.png":["packages/cloud_nas/assets/images/file/ic_menu_disk_transfer.png"],"packages/cloud_nas/assets/images/file/ic_menu_feedback.png":["packages/cloud_nas/assets/images/file/ic_menu_feedback.png"],"packages/cloud_nas/assets/images/file/ic_menu_more.png":["packages/cloud_nas/assets/images/file/ic_menu_more.png"],"packages/cloud_nas/assets/images/file/ic_menu_select_file.png":["packages/cloud_nas/assets/images/file/ic_menu_select_file.png"],"packages/cloud_nas/assets/images/file/ic_menu_setting.png":["packages/cloud_nas/assets/images/file/ic_menu_setting.png"],"packages/cloud_nas/assets/images/file/ic_menu_sort_name.png":["packages/cloud_nas/assets/images/file/ic_menu_sort_name.png"],"packages/cloud_nas/assets/images/file/ic_menu_sort_size.png":["packages/cloud_nas/assets/images/file/ic_menu_sort_size.png"],"packages/cloud_nas/assets/images/file/ic_menu_sort_time.png":["packages/cloud_nas/assets/images/file/ic_menu_sort_time.png"],"packages/cloud_nas/assets/images/file/ic_permission_storage.png":["packages/cloud_nas/assets/images/file/ic_permission_storage.png"],"packages/cloud_nas/assets/images/file/ic_photo_error.png":["packages/cloud_nas/assets/images/file/ic_photo_error.png"],"packages/cloud_nas/assets/images/file/ic_print_business_logo.png":["packages/cloud_nas/assets/images/file/ic_print_business_logo.png"],"packages/cloud_nas/assets/images/file/ic_share_to_ai_im.png":["packages/cloud_nas/assets/images/file/ic_share_to_ai_im.png"],"packages/cloud_nas/assets/images/file/ic_smart_album_classify.gif":["packages/cloud_nas/assets/images/file/ic_smart_album_classify.gif"],"packages/cloud_nas/assets/images/file/ic_upload_file.png":["packages/cloud_nas/assets/images/file/ic_upload_file.png"],"packages/cloud_nas/assets/images/file/ic_upload_photo.png":["packages/cloud_nas/assets/images/file/ic_upload_photo.png"],"packages/cloud_nas/assets/images/file/ic_upload_video.png":["packages/cloud_nas/assets/images/file/ic_upload_video.png"],"packages/cloud_nas/assets/images/file/icon_copy.png":["packages/cloud_nas/assets/images/file/icon_copy.png"],"packages/cloud_nas/assets/images/file/icon_share.png":["packages/cloud_nas/assets/images/file/icon_share.png"],"packages/cloud_nas/assets/images/file/img_share_to_ai.png":["packages/cloud_nas/assets/images/file/img_share_to_ai.png"],"packages/cloud_nas/assets/images/find/ic_file_search.png":["packages/cloud_nas/assets/images/find/ic_file_search.png"],"packages/cloud_nas/assets/images/house_keep/ic_file_transfer.png":["packages/cloud_nas/assets/images/house_keep/ic_file_transfer.png"],"packages/cloud_nas/assets/images/house_keep/ic_file_transfer_disabled.png":["packages/cloud_nas/assets/images/house_keep/ic_file_transfer_disabled.png"],"packages/cloud_nas/assets/images/house_keep/ic_house_keep_logo.jpg":["packages/cloud_nas/assets/images/house_keep/ic_house_keep_logo.jpg"],"packages/cloud_nas/assets/images/ic_appbar_back.png":["packages/cloud_nas/assets/images/ic_appbar_back.png"],"packages/cloud_nas/assets/images/ic_custom_loading_white.png":["packages/cloud_nas/assets/images/ic_custom_loading_white.png"],"packages/cloud_nas/assets/images/ic_file_empty.png":["packages/cloud_nas/assets/images/ic_file_empty.png"],"packages/cloud_nas/assets/images/ic_folder.png":["packages/cloud_nas/assets/images/ic_folder.png","packages/cloud_nas/assets/images/types/ic_folder.png"],"packages/cloud_nas/assets/images/ic_folder_empty.png":["packages/cloud_nas/assets/images/ic_folder_empty.png"],"packages/cloud_nas/assets/images/ic_item_sel.png":["packages/cloud_nas/assets/images/ic_item_sel.png"],"packages/cloud_nas/assets/images/ic_item_unsel.png":["packages/cloud_nas/assets/images/ic_item_unsel.png"],"packages/cloud_nas/assets/images/ic_menu_delete.png":["packages/cloud_nas/assets/images/ic_menu_delete.png"],"packages/cloud_nas/assets/images/ic_menu_download.png":["packages/cloud_nas/assets/images/ic_menu_download.png"],"packages/cloud_nas/assets/images/ic_menu_movement.png":["packages/cloud_nas/assets/images/ic_menu_movement.png"],"packages/cloud_nas/assets/images/ic_menu_rename.png":["packages/cloud_nas/assets/images/ic_menu_rename.png"],"packages/cloud_nas/assets/images/ic_menu_transfer.png":["packages/cloud_nas/assets/images/ic_menu_transfer.png"],"packages/cloud_nas/assets/images/ic_network_unavailable.png":["packages/cloud_nas/assets/images/ic_network_unavailable.png"],"packages/cloud_nas/assets/images/ic_new_folder.png":["packages/cloud_nas/assets/images/ic_new_folder.png"],"packages/cloud_nas/assets/images/ic_switch_orient.png":["packages/cloud_nas/assets/images/ic_switch_orient.png"],"packages/cloud_nas/assets/images/ic_video_pause.png":["packages/cloud_nas/assets/images/ic_video_pause.png","packages/cloud_nas/assets/images/video/ic_video_pause.png"],"packages/cloud_nas/assets/images/ic_video_play.png":["packages/cloud_nas/assets/images/ic_video_play.png","packages/cloud_nas/assets/images/video/ic_video_play.png"],"packages/cloud_nas/assets/images/ic_video_replay.png":["packages/cloud_nas/assets/images/ic_video_replay.png"],"packages/cloud_nas/assets/images/ic_video_upload.png":["packages/cloud_nas/assets/images/ic_video_upload.png"],"packages/cloud_nas/assets/images/ic_xiaoyi_loading_customize.gif":["packages/cloud_nas/assets/images/ic_xiaoyi_loading_customize.gif"],"packages/cloud_nas/assets/images/icon_active_dialog_close.png":["packages/cloud_nas/assets/images/icon_active_dialog_close.png"],"packages/cloud_nas/assets/images/icon_back.png":["packages/cloud_nas/assets/images/icon_back.png"],"packages/cloud_nas/assets/images/icon_pw_no_visible.png":["packages/cloud_nas/assets/images/icon_pw_no_visible.png"],"packages/cloud_nas/assets/images/icon_pw_visible.png":["packages/cloud_nas/assets/images/icon_pw_visible.png"],"packages/cloud_nas/assets/images/icon_register_delete.png":["packages/cloud_nas/assets/images/icon_register_delete.png"],"packages/cloud_nas/assets/images/my_picture/ic_load_error.png":["packages/cloud_nas/assets/images/my_picture/ic_load_error.png"],"packages/cloud_nas/assets/images/my_picture/ic_loading.png":["packages/cloud_nas/assets/images/my_picture/ic_loading.png"],"packages/cloud_nas/assets/images/new_home/ic_ai_shade.png":["packages/cloud_nas/assets/images/new_home/ic_ai_shade.png"],"packages/cloud_nas/assets/images/new_home/ic_album_backup.png":["packages/cloud_nas/assets/images/new_home/ic_album_backup.png"],"packages/cloud_nas/assets/images/new_home/ic_app_market.png":["packages/cloud_nas/assets/images/new_home/ic_app_market.png"],"packages/cloud_nas/assets/images/new_home/ic_arrow_right.png":["packages/cloud_nas/assets/images/new_home/ic_arrow_right.png"],"packages/cloud_nas/assets/images/new_home/ic_avatar_default.jpg":["packages/cloud_nas/assets/images/new_home/ic_avatar_default.jpg"],"packages/cloud_nas/assets/images/new_home/ic_banner_01.png":["packages/cloud_nas/assets/images/new_home/ic_banner_01.png"],"packages/cloud_nas/assets/images/new_home/ic_banner_02.png":["packages/cloud_nas/assets/images/new_home/ic_banner_02.png"],"packages/cloud_nas/assets/images/new_home/ic_banner_03.png":["packages/cloud_nas/assets/images/new_home/ic_banner_03.png"],"packages/cloud_nas/assets/images/new_home/ic_banner_example.png":["packages/cloud_nas/assets/images/new_home/ic_banner_example.png"],"packages/cloud_nas/assets/images/new_home/ic_cloud_print.png":["packages/cloud_nas/assets/images/new_home/ic_cloud_print.png"],"packages/cloud_nas/assets/images/new_home/ic_cloud_review.png":["packages/cloud_nas/assets/images/new_home/ic_cloud_review.png"],"packages/cloud_nas/assets/images/new_home/ic_entrance_account.png":["packages/cloud_nas/assets/images/new_home/ic_entrance_account.png"],"packages/cloud_nas/assets/images/new_home/ic_entrance_filelist.png":["packages/cloud_nas/assets/images/new_home/ic_entrance_filelist.png"],"packages/cloud_nas/assets/images/new_home/ic_entrance_transfer.png":["packages/cloud_nas/assets/images/new_home/ic_entrance_transfer.png"],"packages/cloud_nas/assets/images/new_home/ic_menu_close.png":["packages/cloud_nas/assets/images/new_home/ic_menu_close.png"],"packages/cloud_nas/assets/images/new_home/ic_menu_settings.png":["packages/cloud_nas/assets/images/new_home/ic_menu_settings.png"],"packages/cloud_nas/assets/images/new_home/ic_my_picture.png":["packages/cloud_nas/assets/images/new_home/ic_my_picture.png"],"packages/cloud_nas/assets/images/new_home/ic_notice.png":["packages/cloud_nas/assets/images/new_home/ic_notice.png"],"packages/cloud_nas/assets/images/new_home/ic_settings.png":["packages/cloud_nas/assets/images/new_home/ic_settings.png"],"packages/cloud_nas/assets/images/new_home/ic_shared_space.png":["packages/cloud_nas/assets/images/new_home/ic_shared_space.png"],"packages/cloud_nas/assets/images/new_home/ic_smart_album.png":["packages/cloud_nas/assets/images/new_home/ic_smart_album.png"],"packages/cloud_nas/assets/images/new_home/ic_wechat_backup.png":["packages/cloud_nas/assets/images/new_home/ic_wechat_backup.png"],"packages/cloud_nas/assets/images/photo/ic_photo_delete.png":["packages/cloud_nas/assets/images/photo/ic_photo_delete.png"],"packages/cloud_nas/assets/images/photo/ic_photo_download.png":["packages/cloud_nas/assets/images/photo/ic_photo_download.png"],"packages/cloud_nas/assets/images/public_space/ic_authority_setting.png":["packages/cloud_nas/assets/images/public_space/ic_authority_setting.png"],"packages/cloud_nas/assets/images/public_space/ic_authority_tip.png":["packages/cloud_nas/assets/images/public_space/ic_authority_tip.png"],"packages/cloud_nas/assets/images/public_space/ic_file_close.png":["packages/cloud_nas/assets/images/public_space/ic_file_close.png"],"packages/cloud_nas/assets/images/public_space/ic_file_delete.png":["packages/cloud_nas/assets/images/public_space/ic_file_delete.png"],"packages/cloud_nas/assets/images/public_space/ic_file_download.png":["packages/cloud_nas/assets/images/public_space/ic_file_download.png"],"packages/cloud_nas/assets/images/public_space/ic_file_more.png":["packages/cloud_nas/assets/images/public_space/ic_file_more.png"],"packages/cloud_nas/assets/images/public_space/ic_file_move.png":["packages/cloud_nas/assets/images/public_space/ic_file_move.png"],"packages/cloud_nas/assets/images/public_space/ic_file_rename.png":["packages/cloud_nas/assets/images/public_space/ic_file_rename.png"],"packages/cloud_nas/assets/images/public_space/icon_share.png":["packages/cloud_nas/assets/images/public_space/icon_share.png"],"packages/cloud_nas/assets/images/thumbnail/ic_thumbnail_bg.png":["packages/cloud_nas/assets/images/thumbnail/ic_thumbnail_bg.png"],"packages/cloud_nas/assets/images/thumbnail/ic_thumbnail_video.png":["packages/cloud_nas/assets/images/thumbnail/ic_thumbnail_video.png"],"packages/cloud_nas/assets/images/types/ic_apk.png":["packages/cloud_nas/assets/images/types/ic_apk.png"],"packages/cloud_nas/assets/images/types/ic_audio.png":["packages/cloud_nas/assets/images/types/ic_audio.png"],"packages/cloud_nas/assets/images/types/ic_doc.png":["packages/cloud_nas/assets/images/types/ic_doc.png"],"packages/cloud_nas/assets/images/types/ic_exe.png":["packages/cloud_nas/assets/images/types/ic_exe.png"],"packages/cloud_nas/assets/images/types/ic_folder.png":["packages/cloud_nas/assets/images/types/ic_folder.png"],"packages/cloud_nas/assets/images/types/ic_folder_share_space.png":["packages/cloud_nas/assets/images/types/ic_folder_share_space.png"],"packages/cloud_nas/assets/images/types/ic_folder_smart_album.png":["packages/cloud_nas/assets/images/types/ic_folder_smart_album.png"],"packages/cloud_nas/assets/images/types/ic_gif.png":["packages/cloud_nas/assets/images/types/ic_gif.png"],"packages/cloud_nas/assets/images/types/ic_html.png":["packages/cloud_nas/assets/images/types/ic_html.png"],"packages/cloud_nas/assets/images/types/ic_image.png":["packages/cloud_nas/assets/images/types/ic_image.png"],"packages/cloud_nas/assets/images/types/ic_key.png":["packages/cloud_nas/assets/images/types/ic_key.png"],"packages/cloud_nas/assets/images/types/ic_mp4.png":["packages/cloud_nas/assets/images/types/ic_mp4.png"],"packages/cloud_nas/assets/images/types/ic_numbers.png":["packages/cloud_nas/assets/images/types/ic_numbers.png"],"packages/cloud_nas/assets/images/types/ic_pages.png":["packages/cloud_nas/assets/images/types/ic_pages.png"],"packages/cloud_nas/assets/images/types/ic_pdf.png":["packages/cloud_nas/assets/images/types/ic_pdf.png"],"packages/cloud_nas/assets/images/types/ic_ppt.png":["packages/cloud_nas/assets/images/types/ic_ppt.png"],"packages/cloud_nas/assets/images/types/ic_public_space.png":["packages/cloud_nas/assets/images/types/ic_public_space.png"],"packages/cloud_nas/assets/images/types/ic_txt.png":["packages/cloud_nas/assets/images/types/ic_txt.png"],"packages/cloud_nas/assets/images/types/ic_txt_default.png":["packages/cloud_nas/assets/images/types/ic_txt_default.png"],"packages/cloud_nas/assets/images/types/ic_unknown.png":["packages/cloud_nas/assets/images/types/ic_unknown.png"],"packages/cloud_nas/assets/images/types/ic_video.png":["packages/cloud_nas/assets/images/types/ic_video.png"],"packages/cloud_nas/assets/images/types/ic_xlsx.png":["packages/cloud_nas/assets/images/types/ic_xlsx.png"],"packages/cloud_nas/assets/images/types/ic_zip.png":["packages/cloud_nas/assets/images/types/ic_zip.png"],"packages/cloud_nas/assets/images/unagree_privacy_normal.png":["packages/cloud_nas/assets/images/unagree_privacy_normal.png"],"packages/cloud_nas/assets/images/video/ic_video_next.png":["packages/cloud_nas/assets/images/video/ic_video_next.png"],"packages/cloud_nas/assets/images/video/ic_video_orient.png":["packages/cloud_nas/assets/images/video/ic_video_orient.png"],"packages/cloud_nas/assets/images/video/ic_video_pause.png":["packages/cloud_nas/assets/images/video/ic_video_pause.png"],"packages/cloud_nas/assets/images/video/ic_video_play.png":["packages/cloud_nas/assets/images/video/ic_video_play.png"],"packages/cloud_nas/assets/images/video/ic_video_prev.png":["packages/cloud_nas/assets/images/video/ic_video_prev.png"],"packages/cloud_nas/assets/images/wechat_backup/ic_wechat_backup_arrow.png":["packages/cloud_nas/assets/images/wechat_backup/ic_wechat_backup_arrow.png"],"packages/cloud_nas/assets/images/wechat_backup/ic_wechat_backup_failed.png":["packages/cloud_nas/assets/images/wechat_backup/ic_wechat_backup_failed.png"],"packages/cloud_nas/assets/images/wechat_backup/ic_wechat_backup_green_bg.png":["packages/cloud_nas/assets/images/wechat_backup/ic_wechat_backup_green_bg.png"],"packages/cloud_nas/assets/images/wechat_backup/ic_wechat_backup_loading.gif":["packages/cloud_nas/assets/images/wechat_backup/ic_wechat_backup_loading.gif"],"packages/cloud_nas/assets/images/wechat_backup/ic_wechat_backup_off.png":["packages/cloud_nas/assets/images/wechat_backup/ic_wechat_backup_off.png"],"packages/cloud_nas/assets/images/wechat_backup/ic_wechat_backup_part_success.png":["packages/cloud_nas/assets/images/wechat_backup/ic_wechat_backup_part_success.png"],"packages/cloud_nas/assets/images/wechat_backup/ic_wechat_backup_retry.png":["packages/cloud_nas/assets/images/wechat_backup/ic_wechat_backup_retry.png"],"packages/cloud_nas/assets/images/wechat_backup/ic_wechat_backup_success.png":["packages/cloud_nas/assets/images/wechat_backup/ic_wechat_backup_success.png"],"packages/cloud_nas/assets/images/wechat_backup/ic_wechat_backup_wxlogo.png":["packages/cloud_nas/assets/images/wechat_backup/ic_wechat_backup_wxlogo.png"],"packages/cupertino_icons/assets/CupertinoIcons.ttf":["packages/cupertino_icons/assets/CupertinoIcons.ttf"],"packages/fluttertoast/assets/toastify.css":["packages/fluttertoast/assets/toastify.css"],"packages/fluttertoast/assets/toastify.js":["packages/fluttertoast/assets/toastify.js"]}